Participant_Identifier	Embryo_Number	Granular_Annotation_CURIE	General_Annotation_CURIE
3	3	normal	normal
3	25	normal	normal
3	9	ZP:0000043	ZP:0000943
3	16	ZP:0000043	ZP:0000943
3	6	ZP:0000054	ZP:0001609
3	9	ZP:0000054	ZP:0001609
3	16	ZP:0000054	ZP:0001609
3	6	ZP:0000100	ZP:0000100
3	9	ZP:0000100	ZP:0000100
3	16	ZP:0000100	ZP:0000100
3	1	ZP:0000102	ZP:0002676
3	2	ZP:0000102	ZP:0002676
3	4	ZP:0000102	ZP:0002676
3	6	ZP:0000102	ZP:0002676
3	17	ZP:0000102	ZP:0002676
3	21	ZP:0000102	ZP:0002676
3	26	ZP:0000102	ZP:0002676
3	6	ZP:0000398	ZP:0000398
3	9	ZP:0000473	ZP:0012799
3	19	ZP:0000473	ZP:0012799
3	23	ZP:0000473	ZP:0012799
3	13	ZP:0000624	ZP:0000624
3	18	ZP:0000624	ZP:0000624
3	6	ZP:0000916	ZP:0007203
3	9	ZP:0000916	ZP:0007203
3	14	ZP:0000916	ZP:0007203
3	19	ZP:0000916	ZP:0007203
3	9	ZP:0001129	ZP:0001129
3	1	ZP:0001192	ZP:0000107
3	2	ZP:0001192	ZP:0000107
3	5	ZP:0001192	ZP:0000107
3	6	ZP:0001192	ZP:0000107
3	9	ZP:0001192	ZP:0000107
3	14	ZP:0001192	ZP:0000107
3	16	ZP:0001192	ZP:0000107
3	19	ZP:0001192	ZP:0000107
3	20	ZP:0001192	ZP:0000107
3	23	ZP:0001192	ZP:0000107
3	1	ZP:0001211	ZP:0127709
3	2	ZP:0001211	ZP:0127709
3	4	ZP:0001211	ZP:0127709
3	6	ZP:0001211	ZP:0127709
3	9	ZP:0001211	ZP:0127709
3	10	ZP:0001211	ZP:0127709
3	12	ZP:0001211	ZP:0127709
3	15	ZP:0001211	ZP:0127709
3	16	ZP:0001211	ZP:0127709
3	17	ZP:0001211	ZP:0127709
3	23	ZP:0001211	ZP:0127709
3	24	ZP:0001609	ZP:0001609
3	5	ZP:0002060	ZP:0002676
3	9	ZP:0002060	ZP:0002676
3	14	ZP:0002060	ZP:0002676
3	16	ZP:0002060	ZP:0002676
3	20	ZP:0002676	ZP:0002676
3	2	ZP:0003437	ZP:0003437
3	6	ZP:0004969	ZP:0001129
3	4	ZP:0005012	ZP:0127724
3	15	ZP:0005012	ZP:0127724
3	11	ZP:0005125	ZP:0127709
3	24	ZP:0005125	ZP:0127709
3	1	ZP:0014550	ZP:0014550
3	2	ZP:0014550	ZP:0014550
3	4	ZP:0014550	ZP:0014550
3	5	ZP:0014550	ZP:0014550
3	6	ZP:0014550	ZP:0014550
3	9	ZP:0014550	ZP:0014550
3	10	ZP:0014550	ZP:0014550
3	13	ZP:0014550	ZP:0014550
3	15	ZP:0014550	ZP:0014550
3	16	ZP:0014550	ZP:0014550
3	17	ZP:0014550	ZP:0014550
3	18	ZP:0014550	ZP:0014550
3	19	ZP:0014550	ZP:0014550
3	21	ZP:0014550	ZP:0014550
3	24	ZP:0014550	ZP:0014550
3	26	ZP:0014550	ZP:0014550
3	15	ZP:0015011	ZP:0007203
3	6	ZP:0016092	ZP:0002676
3	15	ZP:0016092	ZP:0002676
3	24	ZP:0127724	ZP:0127724
1	3	normal	normal
1	25	normal	normal
1	1	Not Available	Not Available
1	2	Not Available	Not Available
1	4	Not Available	Not Available
1	5	Not Available	Not Available
1	6	Not Available	Not Available
1	9	Not Available	Not Available
1	13	Not Available	Not Available
1	14	Not Available	Not Available
1	15	Not Available	Not Available
1	16	Not Available	Not Available
1	18	Not Available	Not Available
1	19	Not Available	Not Available
1	20	Not Available	Not Available
1	21	Not Available	Not Available
1	23	Not Available	Not Available
1	24	Not Available	Not Available
1	1	ZP:0000398	ZP:0000398
1	2	ZP:0000398	ZP:0000398
1	6	ZP:0000398	ZP:0000398
1	26	ZP:0000398	ZP:0000398
1	13	ZP:0000624	ZP:0000624
1	18	ZP:0000624	ZP:0000624
1	4	ZP:0000943	ZP:0000943
1	5	ZP:0000943	ZP:0000943
1	6	ZP:0000943	ZP:0000943
1	9	ZP:0000943	ZP:0000943
1	14	ZP:0000943	ZP:0000943
1	16	ZP:0000943	ZP:0000943
1	22	ZP:0000943	ZP:0000943
1	23	ZP:0000943	ZP:0000943
1	22	ZP:0001601	ZP:0001601
1	1	ZP:0001609	ZP:0001609
1	2	ZP:0001609	ZP:0001609
1	4	ZP:0001609	ZP:0001609
1	5	ZP:0001609	ZP:0001609
1	6	ZP:0001609	ZP:0001609
1	9	ZP:0001609	ZP:0001609
1	13	ZP:0001609	ZP:0001609
1	14	ZP:0001609	ZP:0001609
1	15	ZP:0001609	ZP:0001609
1	16	ZP:0001609	ZP:0001609
1	18	ZP:0001609	ZP:0001609
1	19	ZP:0001609	ZP:0001609
1	20	ZP:0001609	ZP:0001609
1	21	ZP:0001609	ZP:0001609
1	22	ZP:0001609	ZP:0001609
1	23	ZP:0001609	ZP:0001609
1	24	ZP:0001609	ZP:0001609
1	1	ZP:0002676	ZP:0002676
1	2	ZP:0002676	ZP:0002676
1	4	ZP:0002676	ZP:0002676
1	5	ZP:0002676	ZP:0002676
1	6	ZP:0002676	ZP:0002676
1	9	ZP:0002676	ZP:0002676
1	13	ZP:0002676	ZP:0002676
1	14	ZP:0002676	ZP:0002676
1	15	ZP:0002676	ZP:0002676
1	16	ZP:0002676	ZP:0002676
1	18	ZP:0002676	ZP:0002676
1	19	ZP:0002676	ZP:0002676
1	20	ZP:0002676	ZP:0002676
1	22	ZP:0002676	ZP:0002676
1	23	ZP:0002676	ZP:0002676
1	2	ZP:0007203	ZP:0007203
1	4	ZP:0007203	ZP:0007203
1	6	ZP:0007203	ZP:0007203
1	9	ZP:0007203	ZP:0007203
1	10	ZP:0007203	ZP:0007203
1	13	ZP:0007203	ZP:0007203
1	14	ZP:0007203	ZP:0007203
1	15	ZP:0007203	ZP:0007203
1	16	ZP:0007203	ZP:0007203
1	17	ZP:0007203	ZP:0007203
1	18	ZP:0007203	ZP:0007203
1	19	ZP:0007203	ZP:0007203
1	22	ZP:0007203	ZP:0007203
1	23	ZP:0007203	ZP:0007203
1	24	ZP:0007203	ZP:0007203
1	1	ZP:0012799	ZP:0012799
1	2	ZP:0012799	ZP:0012799
1	4	ZP:0012799	ZP:0012799
1	5	ZP:0012799	ZP:0012799
1	6	ZP:0012799	ZP:0012799
1	9	ZP:0012799	ZP:0012799
1	10	ZP:0012799	ZP:0012799
1	11	ZP:0012799	ZP:0012799
1	14	ZP:0012799	ZP:0012799
1	16	ZP:0012799	ZP:0012799
1	18	ZP:0012799	ZP:0012799
1	19	ZP:0012799	ZP:0012799
1	20	ZP:0012799	ZP:0012799
1	23	ZP:0012799	ZP:0012799
1	24	ZP:0012799	ZP:0012799
1	26	ZP:0012799	ZP:0012799
1	1	ZP:0014550	ZP:0014550
1	2	ZP:0014550	ZP:0014550
1	4	ZP:0014550	ZP:0014550
1	5	ZP:0014550	ZP:0014550
1	6	ZP:0014550	ZP:0014550
1	9	ZP:0014550	ZP:0014550
1	10	ZP:0014550	ZP:0014550
1	11	ZP:0014550	ZP:0014550
1	12	ZP:0014550	ZP:0014550
1	13	ZP:0014550	ZP:0014550
1	14	ZP:0014550	ZP:0014550
1	16	ZP:0014550	ZP:0014550
1	17	ZP:0014550	ZP:0014550
1	18	ZP:0014550	ZP:0014550
1	19	ZP:0014550	ZP:0014550
1	20	ZP:0014550	ZP:0014550
1	21	ZP:0014550	ZP:0014550
1	23	ZP:0014550	ZP:0014550
1	24	ZP:0014550	ZP:0014550
1	2	ZP:0015121	ZP:0015121
1	5	ZP:0015121	ZP:0015121
1	11	ZP:0015121	ZP:0015121
1	13	ZP:0015121	ZP:0015121
1	18	ZP:0015121	ZP:0015121
1	22	ZP:0015121	ZP:0015121
1	1	ZP:0127709	ZP:0127709
1	2	ZP:0127709	ZP:0127709
1	4	ZP:0127709	ZP:0127709
1	5	ZP:0127709	ZP:0127709
1	6	ZP:0127709	ZP:0127709
1	9	ZP:0127709	ZP:0127709
1	10	ZP:0127709	ZP:0127709
1	12	ZP:0127709	ZP:0127709
1	13	ZP:0127709	ZP:0127709
1	14	ZP:0127709	ZP:0127709
1	15	ZP:0127709	ZP:0127709
1	16	ZP:0127709	ZP:0127709
1	17	ZP:0127709	ZP:0127709
1	18	ZP:0127709	ZP:0127709
1	19	ZP:0127709	ZP:0127709
1	20	ZP:0127709	ZP:0127709
1	22	ZP:0127709	ZP:0127709
1	23	ZP:0127709	ZP:0127709
1	24	ZP:0127709	ZP:0127709
1	4	ZP:0127724	ZP:0127724
1	6	ZP:0127724	ZP:0127724
1	13	ZP:0127724	ZP:0127724
1	15	ZP:0127724	ZP:0127724
1	18	ZP:0127724	ZP:0127724
1	22	ZP:0127724	ZP:0127724
1	24	ZP:0127724	ZP:0127724
17	3	normal	normal
17	25	normal	normal
17	4	ZP:0000043	ZP:0000943
17	5	ZP:0000043	ZP:0000943
17	6	ZP:0000043	ZP:0000943
17	9	ZP:0000043	ZP:0000943
17	14	ZP:0000043	ZP:0000943
17	16	ZP:0000043	ZP:0000943
17	18	ZP:0000043	ZP:0000943
17	22	ZP:0000043	ZP:0000943
17	5	ZP:0000054	ZP:0001609
17	6	ZP:0000054	ZP:0001609
17	9	ZP:0000054	ZP:0001609
17	16	ZP:0000054	ZP:0001609
17	18	ZP:0000054	ZP:0001609
17	22	ZP:0000054	ZP:0001609
17	24	ZP:0000054	ZP:0001609
17	6	ZP:0000100	ZP:0000100
17	16	ZP:0000100	ZP:0000100
17	22	ZP:0000100	ZP:0000100
17	24	ZP:0000100	ZP:0000100
17	26	ZP:0000100	ZP:0000100
17	22	ZP:0000102	ZP:0002676
17	18	ZP:0000122	ZP:0000624
17	22	ZP:0000398	ZP:0000398
17	2	ZP:0000473	ZP:0012799
17	4	ZP:0000473	ZP:0012799
17	6	ZP:0000473	ZP:0012799
17	9	ZP:0000473	ZP:0012799
17	10	ZP:0000473	ZP:0012799
17	13	ZP:0000473	ZP:0012799
17	14	ZP:0000473	ZP:0012799
17	18	ZP:0000473	ZP:0012799
17	19	ZP:0000473	ZP:0012799
17	23	ZP:0000473	ZP:0012799
17	6	ZP:0000627	ZP:0000624
17	13	ZP:0000627	ZP:0000624
17	4	ZP:0000916	ZP:0007203
17	5	ZP:0000916	ZP:0007203
17	6	ZP:0000916	ZP:0007203
17	9	ZP:0000916	ZP:0007203
17	14	ZP:0000916	ZP:0007203
17	15	ZP:0000916	ZP:0007203
17	19	ZP:0000916	ZP:0007203
17	22	ZP:0000916	ZP:0007203
17	23	ZP:0000916	ZP:0007203
17	1	ZP:0001192	ZP:0000107
17	2	ZP:0001192	ZP:0000107
17	4	ZP:0001192	ZP:0000107
17	5	ZP:0001192	ZP:0000107
17	6	ZP:0001192	ZP:0000107
17	9	ZP:0001192	ZP:0000107
17	14	ZP:0001192	ZP:0000107
17	15	ZP:0001192	ZP:0000107
17	16	ZP:0001192	ZP:0000107
17	18	ZP:0001192	ZP:0000107
17	19	ZP:0001192	ZP:0000107
17	20	ZP:0001192	ZP:0000107
17	23	ZP:0001192	ZP:0000107
17	10	ZP:0001211	ZP:0127709
17	12	ZP:0001211	ZP:0127709
17	15	ZP:0001211	ZP:0127709
17	17	ZP:0001211	ZP:0127709
17	19	ZP:0001211	ZP:0127709
17	20	ZP:0001211	ZP:0127709
17	23	ZP:0001211	ZP:0127709
17	24	ZP:0001211	ZP:0127709
17	1	ZP:0001601	ZP:0001601
17	13	ZP:0001601	ZP:0001601
17	18	ZP:0001601	ZP:0001601
17	22	ZP:0001601	ZP:0001601
17	9	ZP:0002060	ZP:0002676
17	15	ZP:0002060	ZP:0002676
17	22	ZP:0002311	ZP:0001609
17	26	ZP:0002311	ZP:0001609
17	4	ZP:0002676	ZP:0002676
17	16	ZP:0002676	ZP:0002676
17	1	ZP:0002944	ZP:0127709
17	2	ZP:0002944	ZP:0127709
17	4	ZP:0002944	ZP:0127709
17	6	ZP:0002944	ZP:0127709
17	9	ZP:0002944	ZP:0127709
17	13	ZP:0002944	ZP:0127709
17	14	ZP:0002944	ZP:0127709
17	16	ZP:0002944	ZP:0127709
17	18	ZP:0002944	ZP:0127709
17	22	ZP:0002944	ZP:0127709
17	6	ZP:0003437	ZP:0003437
17	18	ZP:0003437	ZP:0003437
17	19	ZP:0003437	ZP:0003437
17	16	ZP:0004969	ZP:0001129
17	4	ZP:0005012	ZP:0127724
17	6	ZP:0005012	ZP:0127724
17	13	ZP:0005012	ZP:0127724
17	15	ZP:0005012	ZP:0127724
17	18	ZP:0005012	ZP:0127724
17	22	ZP:0005012	ZP:0127724
17	24	ZP:0005012	ZP:0127724
17	11	ZP:0005125	ZP:0127709
17	16	ZP:0007203	ZP:0007203
17	18	ZP:0007203	ZP:0007203
17	16	ZP:0007632	ZP:0000624
17	22	ZP:0007632	ZP:0000624
17	15	ZP:0009010	ZP:0000624
17	24	ZP:0009010	ZP:0000624
17	10	ZP:0010319	ZP:0001129
17	22	ZP:0012799	ZP:0012799
17	1	ZP:0014550	ZP:0014550
17	2	ZP:0014550	ZP:0014550
17	4	ZP:0014550	ZP:0014550
17	5	ZP:0014550	ZP:0014550
17	6	ZP:0014550	ZP:0014550
17	9	ZP:0014550	ZP:0014550
17	10	ZP:0014550	ZP:0014550
17	13	ZP:0014550	ZP:0014550
17	14	ZP:0014550	ZP:0014550
17	15	ZP:0014550	ZP:0014550
17	16	ZP:0014550	ZP:0014550
17	17	ZP:0014550	ZP:0014550
17	18	ZP:0014550	ZP:0014550
17	19	ZP:0014550	ZP:0014550
17	20	ZP:0014550	ZP:0014550
17	21	ZP:0014550	ZP:0014550
17	22	ZP:0014550	ZP:0014550
17	23	ZP:0014550	ZP:0014550
17	24	ZP:0014550	ZP:0014550
17	10	ZP:0015011	ZP:0007203
17	17	ZP:0015011	ZP:0007203
17	20	ZP:0015011	ZP:0007203
17	21	ZP:0015011	ZP:0007203
17	24	ZP:0015011	ZP:0007203
17	18	ZP:0015121	ZP:0015121
17	22	ZP:0015121	ZP:0015121
17	6	ZP:0016092	ZP:0002676
17	2	ZP:0019090	ZP:0015121
17	6	ZP:0019090	ZP:0015121
17	5	ZP:0127709	ZP:0127709
7	3	normal	normal
7	22	ZP:0000043	ZP:0000943
7	12	ZP:0000100	ZP:0000100
7	13	ZP:0000100	ZP:0000100
7	14	ZP:0000100	ZP:0000100
7	16	ZP:0000100	ZP:0000100
7	18	ZP:0000100	ZP:0000100
7	19	ZP:0000100	ZP:0000100
7	22	ZP:0000100	ZP:0000100
7	23	ZP:0000100	ZP:0000100
7	24	ZP:0000100	ZP:0000100
7	2	ZP:0000122	ZP:0000624
7	13	ZP:0000624	ZP:0000624
7	18	ZP:0000624	ZP:0000624
7	22	ZP:0000624	ZP:0000624
7	6	ZP:0001129	ZP:0001129
7	9	ZP:0001129	ZP:0001129
7	1	ZP:0001192	ZP:0000107
7	2	ZP:0001192	ZP:0000107
7	5	ZP:0001192	ZP:0000107
7	6	ZP:0001192	ZP:0000107
7	9	ZP:0001192	ZP:0000107
7	15	ZP:0001192	ZP:0000107
7	16	ZP:0001192	ZP:0000107
7	19	ZP:0001192	ZP:0000107
7	20	ZP:0001192	ZP:0000107
7	23	ZP:0001192	ZP:0000107
7	2	ZP:0001211	ZP:0127709
7	20	ZP:0001211	ZP:0127709
7	16	ZP:0001601	ZP:0001601
7	18	ZP:0001601	ZP:0001601
7	19	ZP:0001601	ZP:0001601
7	22	ZP:0001601	ZP:0001601
7	23	ZP:0001601	ZP:0001601
7	26	ZP:0001601	ZP:0001601
7	4	ZP:0001609	ZP:0001609
7	13	ZP:0001609	ZP:0001609
7	16	ZP:0001609	ZP:0001609
7	10	ZP:0001610	ZP:0001610
7	16	ZP:0002008	ZP:0002008
7	1	ZP:0002060	ZP:0002676
7	2	ZP:0002060	ZP:0002676
7	4	ZP:0002060	ZP:0002676
7	5	ZP:0002060	ZP:0002676
7	6	ZP:0002060	ZP:0002676
7	9	ZP:0002060	ZP:0002676
7	12	ZP:0002060	ZP:0002676
7	13	ZP:0002060	ZP:0002676
7	14	ZP:0002060	ZP:0002676
7	16	ZP:0002060	ZP:0002676
7	17	ZP:0002060	ZP:0002676
7	18	ZP:0002060	ZP:0002676
7	19	ZP:0002060	ZP:0002676
7	20	ZP:0002060	ZP:0002676
7	21	ZP:0002060	ZP:0002676
7	22	ZP:0002060	ZP:0002676
7	23	ZP:0002060	ZP:0002676
7	24	ZP:0002060	ZP:0002676
7	25	ZP:0002060	ZP:0002676
7	26	ZP:0002060	ZP:0002676
7	11	ZP:0002676	ZP:0002676
7	15	ZP:0002676	ZP:0002676
7	1	ZP:0002944	ZP:0127709
7	4	ZP:0002944	ZP:0127709
7	12	ZP:0002944	ZP:0127709
7	13	ZP:0002944	ZP:0127709
7	14	ZP:0002944	ZP:0127709
7	16	ZP:0002944	ZP:0127709
7	18	ZP:0002944	ZP:0127709
7	19	ZP:0002944	ZP:0127709
7	22	ZP:0002944	ZP:0127709
7	13	ZP:0003437	ZP:0003437
7	4	ZP:0004969	ZP:0001129
7	13	ZP:0004969	ZP:0001129
7	15	ZP:0004969	ZP:0001129
7	18	ZP:0004969	ZP:0001129
7	19	ZP:0004969	ZP:0001129
7	24	ZP:0004969	ZP:0001129
7	10	ZP:0005125	ZP:0127709
7	23	ZP:0005125	ZP:0127709
7	24	ZP:0005125	ZP:0127709
7	5	ZP:0006124	ZP:0002676
7	6	ZP:0006124	ZP:0002676
7	9	ZP:0007203	ZP:0007203
7	4	ZP:0014550	ZP:0014550
7	6	ZP:0014550	ZP:0014550
7	9	ZP:0014550	ZP:0014550
7	13	ZP:0014550	ZP:0014550
7	14	ZP:0014550	ZP:0014550
7	16	ZP:0014550	ZP:0014550
7	17	ZP:0014550	ZP:0014550
7	18	ZP:0014550	ZP:0014550
7	19	ZP:0014550	ZP:0014550
7	20	ZP:0014550	ZP:0014550
7	21	ZP:0014550	ZP:0014550
7	24	ZP:0014550	ZP:0014550
7	6	ZP:0015121	ZP:0015121
7	5	ZP:0127709	ZP:0127709
7	6	ZP:0127709	ZP:0127709
7	9	ZP:0127709	ZP:0127709
7	15	ZP:0127709	ZP:0127709
7	6	ZP:0127724	ZP:0127724
7	10	ZP:0127724	ZP:0127724
7	13	ZP:0127724	ZP:0127724
7	15	ZP:0127724	ZP:0127724
7	18	ZP:0127724	ZP:0127724
7	22	ZP:0127724	ZP:0127724
7	24	ZP:0127724	ZP:0127724
9	3	normal	normal
9	25	normal	normal
9	14	ZP:0000043	ZP:0000943
9	16	ZP:0000043	ZP:0000943
9	22	ZP:0000043	ZP:0000943
9	1	ZP:0000054	ZP:0001609
9	2	ZP:0000054	ZP:0001609
9	5	ZP:0000054	ZP:0001609
9	6	ZP:0000054	ZP:0001609
9	9	ZP:0000054	ZP:0001609
9	11	ZP:0000054	ZP:0001609
9	14	ZP:0000054	ZP:0001609
9	19	ZP:0000054	ZP:0001609
9	22	ZP:0000054	ZP:0001609
9	23	ZP:0000054	ZP:0001609
9	6	ZP:0000100	ZP:0000100
9	14	ZP:0000100	ZP:0000100
9	22	ZP:0000100	ZP:0000100
9	26	ZP:0000100	ZP:0000100
9	1	ZP:0000102	ZP:0002676
9	13	ZP:0000122	ZP:0000624
9	9	ZP:0000473	ZP:0012799
9	10	ZP:0000473	ZP:0012799
9	11	ZP:0000473	ZP:0012799
9	14	ZP:0000473	ZP:0012799
9	16	ZP:0000473	ZP:0012799
9	19	ZP:0000473	ZP:0012799
9	23	ZP:0000473	ZP:0012799
9	14	ZP:0001129	ZP:0001129
9	9	ZP:0001130	ZP:0001129
9	19	ZP:0001130	ZP:0001129
9	23	ZP:0001130	ZP:0001129
9	10	ZP:0001130	ZP:0001129
9	1	ZP:0001192	ZP:0000107
9	2	ZP:0001192	ZP:0000107
9	4	ZP:0001192	ZP:0000107
9	5	ZP:0001192	ZP:0000107
9	6	ZP:0001192	ZP:0000107
9	9	ZP:0001192	ZP:0000107
9	14	ZP:0001192	ZP:0000107
9	15	ZP:0001192	ZP:0000107
9	16	ZP:0001192	ZP:0000107
9	18	ZP:0001192	ZP:0000107
9	19	ZP:0001192	ZP:0000107
9	20	ZP:0001192	ZP:0000107
9	23	ZP:0001192	ZP:0000107
9	24	ZP:0001192	ZP:0000107
9	1	ZP:0001211	ZP:0127709
9	2	ZP:0001211	ZP:0127709
9	4	ZP:0001211	ZP:0127709
9	5	ZP:0001211	ZP:0127709
9	6	ZP:0001211	ZP:0127709
9	9	ZP:0001211	ZP:0127709
9	13	ZP:0001211	ZP:0127709
9	15	ZP:0001211	ZP:0127709
9	16	ZP:0001211	ZP:0127709
9	18	ZP:0001211	ZP:0127709
9	19	ZP:0001211	ZP:0127709
9	20	ZP:0001211	ZP:0127709
9	22	ZP:0001211	ZP:0127709
9	23	ZP:0001211	ZP:0127709
9	24	ZP:0001211	ZP:0127709
9	26	ZP:0001609	ZP:0001609
9	2	ZP:0002676	ZP:0002676
9	4	ZP:0002676	ZP:0002676
9	5	ZP:0002676	ZP:0002676
9	9	ZP:0002676	ZP:0002676
9	11	ZP:0002676	ZP:0002676
9	14	ZP:0002676	ZP:0002676
9	15	ZP:0002676	ZP:0002676
9	16	ZP:0002676	ZP:0002676
9	17	ZP:0002676	ZP:0002676
9	18	ZP:0002676	ZP:0002676
9	19	ZP:0002676	ZP:0002676
9	23	ZP:0002676	ZP:0002676
9	2	ZP:0003437	ZP:0003437
9	6	ZP:0003437	ZP:0003437
9	13	ZP:0003437	ZP:0003437
9	18	ZP:0003437	ZP:0003437
9	22	ZP:0003437	ZP:0003437
9	4	ZP:0004969	ZP:0001129
9	6	ZP:0004969	ZP:0001129
9	10	ZP:0004969	ZP:0001129
9	13	ZP:0004969	ZP:0001129
9	16	ZP:0004969	ZP:0001129
9	18	ZP:0004969	ZP:0001129
9	22	ZP:0004969	ZP:0001129
9	4	ZP:0005012	ZP:0127724
9	18	ZP:0005012	ZP:0127724
9	13	ZP:0005930	ZP:0000107
9	1	ZP:0007203	ZP:0007203
9	2	ZP:0007203	ZP:0007203
9	4	ZP:0007203	ZP:0007203
9	5	ZP:0007203	ZP:0007203
9	6	ZP:0007203	ZP:0007203
9	9	ZP:0007203	ZP:0007203
9	11	ZP:0007203	ZP:0007203
9	12	ZP:0007203	ZP:0007203
9	13	ZP:0007203	ZP:0007203
9	14	ZP:0007203	ZP:0007203
9	15	ZP:0007203	ZP:0007203
9	16	ZP:0007203	ZP:0007203
9	17	ZP:0007203	ZP:0007203
9	18	ZP:0007203	ZP:0007203
9	19	ZP:0007203	ZP:0007203
9	20	ZP:0007203	ZP:0007203
9	21	ZP:0007203	ZP:0007203
9	22	ZP:0007203	ZP:0007203
9	23	ZP:0007203	ZP:0007203
9	24	ZP:0007203	ZP:0007203
9	6	ZP:0009010	ZP:0000624
9	18	ZP:0009010	ZP:0000624
9	15	ZP:0010319	ZP:0001129
9	24	ZP:0010319	ZP:0001129
9	6	ZP:0010319	ZP:0001129
9	10	ZP:0010319	ZP:0001129
9	13	ZP:0010319	ZP:0001129
9	18	ZP:0010319	ZP:0001129
9	22	ZP:0010319	ZP:0001129
9	1	ZP:0014550	ZP:0014550
9	2	ZP:0014550	ZP:0014550
9	4	ZP:0014550	ZP:0014550
9	5	ZP:0014550	ZP:0014550
9	6	ZP:0014550	ZP:0014550
9	9	ZP:0014550	ZP:0014550
9	11	ZP:0014550	ZP:0014550
9	12	ZP:0014550	ZP:0014550
9	13	ZP:0014550	ZP:0014550
9	14	ZP:0014550	ZP:0014550
9	16	ZP:0014550	ZP:0014550
9	18	ZP:0014550	ZP:0014550
9	19	ZP:0014550	ZP:0014550
9	20	ZP:0014550	ZP:0014550
9	22	ZP:0014550	ZP:0014550
9	23	ZP:0014550	ZP:0014550
9	24	ZP:0014550	ZP:0014550
9	10	ZP:0015011	ZP:0007203
9	2	ZP:0015121	ZP:0015121
9	6	ZP:0016092	ZP:0002676
9	22	ZP:0016092	ZP:0002676
9	22	ZP:0127724	ZP:0127724
2	3	normal	normal
2	25	normal	normal
2	9	ZP:0000043	ZP:0000943
2	14	ZP:0000043	ZP:0000943
2	16	ZP:0000043	ZP:0000943
2	22	ZP:0000043	ZP:0000943
2	14	ZP:0000054	ZP:0001609
2	1	ZP:0000054	ZP:0001609
2	2	ZP:0000054	ZP:0001609
2	4	ZP:0000054	ZP:0001609
2	5	ZP:0000054	ZP:0001609
2	9	ZP:0000054	ZP:0001609
2	16	ZP:0000054	ZP:0001609
2	19	ZP:0000054	ZP:0001609
2	23	ZP:0000054	ZP:0001609
2	6	ZP:0000398	ZP:0000398
2	15	ZP:0000398	ZP:0000398
2	22	ZP:0000398	ZP:0000398
2	6	ZP:0000624	ZP:0000624
2	13	ZP:0000624	ZP:0000624
2	15	ZP:0000624	ZP:0000624
2	18	ZP:0000624	ZP:0000624
2	22	ZP:0000624	ZP:0000624
2	2	ZP:0000916	ZP:0007203
2	5	ZP:0000943	ZP:0000943
2	4	ZP:0001129	ZP:0001129
2	13	ZP:0001129	ZP:0001129
2	6	ZP:0001130	ZP:0001129
2	9	ZP:0001130	ZP:0001129
2	10	ZP:0001130	ZP:0001129
2	14	ZP:0001130	ZP:0001129
2	19	ZP:0001130	ZP:0001129
2	23	ZP:0001130	ZP:0001129
2	18	ZP:0001130	ZP:0001129
2	16	ZP:0001130	ZP:0001129
2	1	ZP:0001192	ZP:0000107
2	2	ZP:0001192	ZP:0000107
2	4	ZP:0001192	ZP:0000107
2	5	ZP:0001192	ZP:0000107
2	6	ZP:0001192	ZP:0000107
2	9	ZP:0001192	ZP:0000107
2	11	ZP:0001192	ZP:0000107
2	14	ZP:0001192	ZP:0000107
2	15	ZP:0001192	ZP:0000107
2	16	ZP:0001192	ZP:0000107
2	18	ZP:0001192	ZP:0000107
2	19	ZP:0001192	ZP:0000107
2	20	ZP:0001192	ZP:0000107
2	21	ZP:0001192	ZP:0000107
2	23	ZP:0001192	ZP:0000107
2	24	ZP:0001192	ZP:0000107
2	1	ZP:0001211	ZP:0127709
2	2	ZP:0001211	ZP:0127709
2	4	ZP:0001211	ZP:0127709
2	5	ZP:0001211	ZP:0127709
2	6	ZP:0001211	ZP:0127709
2	9	ZP:0001211	ZP:0127709
2	10	ZP:0001211	ZP:0127709
2	12	ZP:0001211	ZP:0127709
2	13	ZP:0001211	ZP:0127709
2	14	ZP:0001211	ZP:0127709
2	15	ZP:0001211	ZP:0127709
2	16	ZP:0001211	ZP:0127709
2	17	ZP:0001211	ZP:0127709
2	18	ZP:0001211	ZP:0127709
2	19	ZP:0001211	ZP:0127709
2	20	ZP:0001211	ZP:0127709
2	22	ZP:0001211	ZP:0127709
2	23	ZP:0001211	ZP:0127709
2	24	ZP:0001211	ZP:0127709
2	18	ZP:0001601	ZP:0001601
2	22	ZP:0001601	ZP:0001601
2	23	ZP:0001601	ZP:0001601
2	18	ZP:0001609	ZP:0001609
2	24	ZP:0001609	ZP:0001609
2	14	ZP:0002311	ZP:0001609
2	6	ZP:0002311	ZP:0001609
2	22	ZP:0002311	ZP:0001609
2	26	ZP:0002311	ZP:0001609
2	1	ZP:0002676	ZP:0002676
2	2	ZP:0002676	ZP:0002676
2	4	ZP:0002676	ZP:0002676
2	5	ZP:0002676	ZP:0002676
2	6	ZP:0002676	ZP:0002676
2	9	ZP:0002676	ZP:0002676
2	10	ZP:0002676	ZP:0002676
2	12	ZP:0002676	ZP:0002676
2	13	ZP:0002676	ZP:0002676
2	14	ZP:0002676	ZP:0002676
2	15	ZP:0002676	ZP:0002676
2	16	ZP:0002676	ZP:0002676
2	17	ZP:0002676	ZP:0002676
2	18	ZP:0002676	ZP:0002676
2	19	ZP:0002676	ZP:0002676
2	20	ZP:0002676	ZP:0002676
2	21	ZP:0002676	ZP:0002676
2	22	ZP:0002676	ZP:0002676
2	23	ZP:0002676	ZP:0002676
2	24	ZP:0002676	ZP:0002676
2	26	ZP:0002676	ZP:0002676
2	13	ZP:0003437	ZP:0003437
2	16	ZP:0003437	ZP:0003437
2	18	ZP:0003437	ZP:0003437
2	22	ZP:0003437	ZP:0003437
2	26	ZP:0003678	ZP:0001609
2	16	ZP:0004969	ZP:0001129
2	22	ZP:0004969	ZP:0001129
2	6	ZP:0005012	ZP:0127724
2	13	ZP:0005012	ZP:0127724
2	18	ZP:0005012	ZP:0127724
2	22	ZP:0005012	ZP:0127724
2	24	ZP:0005012	ZP:0127724
2	11	ZP:0005125	ZP:0127709
2	26	ZP:0005125	ZP:0127709
2	13	ZP:0005930	ZP:0000107
2	22	ZP:0005930	ZP:0000107
2	1	ZP:0007203	ZP:0007203
2	4	ZP:0007203	ZP:0007203
2	5	ZP:0007203	ZP:0007203
2	6	ZP:0007203	ZP:0007203
2	9	ZP:0007203	ZP:0007203
2	13	ZP:0007203	ZP:0007203
2	14	ZP:0007203	ZP:0007203
2	15	ZP:0007203	ZP:0007203
2	16	ZP:0007203	ZP:0007203
2	19	ZP:0007203	ZP:0007203
2	22	ZP:0007203	ZP:0007203
2	23	ZP:0007203	ZP:0007203
2	24	ZP:0007203	ZP:0007203
2	18	ZP:0010319	ZP:0001129
2	22	ZP:0010319	ZP:0001129
2	6	ZP:0012799	ZP:0012799
2	9	ZP:0012799	ZP:0012799
2	10	ZP:0012799	ZP:0012799
2	13	ZP:0012799	ZP:0012799
2	14	ZP:0012799	ZP:0012799
2	16	ZP:0012799	ZP:0012799
2	18	ZP:0012799	ZP:0012799
2	19	ZP:0012799	ZP:0012799
2	23	ZP:0012799	ZP:0012799
2	2	ZP:0015121	ZP:0015121
2	6	ZP:0015121	ZP:0015121
2	13	ZP:0015121	ZP:0015121
2	18	ZP:0015121	ZP:0015121
2	22	ZP:0015121	ZP:0015121
12	3	normal	normal
12	25	normal	normal
12	2	Not Available	Not Available
12	4	Not Available	Not Available
12	5	Not Available	Not Available
12	6	Not Available	Not Available
12	9	Not Available	Not Available
12	13	Not Available	Not Available
12	15	Not Available	Not Available
12	17	Not Available	Not Available
12	19	Not Available	Not Available
12	22	Not Available	Not Available
12	23	Not Available	Not Available
12	16	ZP:0000043	ZP:0000943
12	6	ZP:0000054	ZP:0001609
12	16	ZP:0000054	ZP:0001609
12	22	ZP:0000054	ZP:0001609
12	26	ZP:0000100	ZP:0000100
12	2	ZP:0000102	ZP:0002676
12	5	ZP:0000102	ZP:0002676
12	6	ZP:0000102	ZP:0002676
12	13	ZP:0000102	ZP:0002676
12	14	ZP:0000102	ZP:0002676
12	18	ZP:0000102	ZP:0002676
12	22	ZP:0000102	ZP:0002676
12	23	ZP:0000102	ZP:0002676
12	4	ZP:0000107	ZP:0000107
12	17	ZP:0000107	ZP:0000107
12	22	ZP:0000107	ZP:0000107
12	23	ZP:0000107	ZP:0000107
12	13	ZP:0000122	ZP:0000624
12	18	ZP:0000122	ZP:0000624
12	6	ZP:0000306	ZP:0000306
12	6	ZP:0000398	ZP:0000398
12	16	ZP:0000398	ZP:0000398
12	22	ZP:0000398	ZP:0000398
12	10	ZP:0000473	ZP:0012799
12	13	ZP:0000473	ZP:0012799
12	16	ZP:0000473	ZP:0012799
12	2	ZP:0000624	ZP:0000624
12	4	ZP:0000916	ZP:0007203
12	6	ZP:0000916	ZP:0007203
12	13	ZP:0000916	ZP:0007203
12	14	ZP:0000916	ZP:0007203
12	15	ZP:0000916	ZP:0007203
12	16	ZP:0000916	ZP:0007203
12	19	ZP:0000916	ZP:0007203
12	23	ZP:0000916	ZP:0007203
12	16	ZP:0001130	ZP:0001129
12	1	ZP:0001192	ZP:0000107
12	2	ZP:0001192	ZP:0000107
12	5	ZP:0001192	ZP:0000107
12	6	ZP:0001192	ZP:0000107
12	14	ZP:0001192	ZP:0000107
12	15	ZP:0001192	ZP:0000107
12	16	ZP:0001192	ZP:0000107
12	19	ZP:0001192	ZP:0000107
12	4	ZP:0001211	ZP:0127709
12	6	ZP:0001211	ZP:0127709
12	12	ZP:0001211	ZP:0127709
12	13	ZP:0001211	ZP:0127709
12	14	ZP:0001211	ZP:0127709
12	15	ZP:0001211	ZP:0127709
12	16	ZP:0001211	ZP:0127709
12	18	ZP:0001211	ZP:0127709
12	19	ZP:0001211	ZP:0127709
12	20	ZP:0001211	ZP:0127709
12	22	ZP:0001211	ZP:0127709
12	24	ZP:0001211	ZP:0127709
12	13	ZP:0001609	ZP:0001609
12	14	ZP:0001609	ZP:0001609
12	23	ZP:0001609	ZP:0001609
12	15	ZP:0002008	ZP:0002008
12	9	ZP:0002060	ZP:0002676
12	16	ZP:0002060	ZP:0002676
12	6	ZP:0002311	ZP:0001609
12	22	ZP:0002311	ZP:0001609
12	26	ZP:0002311	ZP:0001609
12	17	ZP:0002676	ZP:0002676
12	19	ZP:0002676	ZP:0002676
12	13	ZP:0003437	ZP:0003437
12	6	ZP:0005012	ZP:0127724
12	13	ZP:0005012	ZP:0127724
12	18	ZP:0005012	ZP:0127724
12	22	ZP:0005012	ZP:0127724
12	24	ZP:0005012	ZP:0127724
12	23	ZP:0005125	ZP:0127709
12	9	ZP:0005930	ZP:0000107
12	13	ZP:0005930	ZP:0000107
12	20	ZP:0005930	ZP:0000107
12	22	ZP:0007203	ZP:0007203
12	6	ZP:0009010	ZP:0000624
12	4	ZP:0014550	ZP:0014550
12	5	ZP:0014550	ZP:0014550
12	6	ZP:0014550	ZP:0014550
12	9	ZP:0014550	ZP:0014550
12	11	ZP:0014550	ZP:0014550
12	13	ZP:0014550	ZP:0014550
12	14	ZP:0014550	ZP:0014550
12	16	ZP:0014550	ZP:0014550
12	17	ZP:0014550	ZP:0014550
12	18	ZP:0014550	ZP:0014550
12	22	ZP:0014550	ZP:0014550
12	24	ZP:0014550	ZP:0014550
12	20	ZP:0015011	ZP:0007203
12	21	ZP:0015011	ZP:0007203
12	24	ZP:0015011	ZP:0007203
12	15	ZP:0016092	ZP:0002676
12	19	ZP:0016128	ZP:0002008
12	24	ZP:0016128	ZP:0002008
10	3	normal	normal
10	25	normal	normal
10	6	ZP:0000054	ZP:0001609
10	9	ZP:0000054	ZP:0001609
10	14	ZP:0000054	ZP:0001609
10	16	ZP:0000054	ZP:0001609
10	22	ZP:0000054	ZP:0001609
10	6	ZP:0000102	ZP:0002676
10	10	ZP:0000102	ZP:0002676
10	11	ZP:0000102	ZP:0002676
10	12	ZP:0000102	ZP:0002676
10	13	ZP:0000102	ZP:0002676
10	14	ZP:0000102	ZP:0002676
10	16	ZP:0000102	ZP:0002676
10	17	ZP:0000102	ZP:0002676
10	18	ZP:0000102	ZP:0002676
10	19	ZP:0000102	ZP:0002676
10	20	ZP:0000102	ZP:0002676
10	21	ZP:0000102	ZP:0002676
10	22	ZP:0000102	ZP:0002676
10	23	ZP:0000102	ZP:0002676
10	24	ZP:0000102	ZP:0002676
10	26	ZP:0000102	ZP:0002676
10	13	ZP:0000122	ZP:0000624
10	2	ZP:0000398	ZP:0000398
10	6	ZP:0000398	ZP:0000398
10	9	ZP:0000473	ZP:0012799
10	19	ZP:0000473	ZP:0012799
10	18	ZP:0000627	ZP:0000624
10	1	ZP:0000916	ZP:0007203
10	2	ZP:0000916	ZP:0007203
10	14	ZP:0000916	ZP:0007203
10	19	ZP:0000916	ZP:0007203
10	22	ZP:0000916	ZP:0007203
10	23	ZP:0000916	ZP:0007203
10	16	ZP:0001130	ZP:0001129
10	18	ZP:0001130	ZP:0001129
10	23	ZP:0001130	ZP:0001129
10	1	ZP:0001192	ZP:0000107
10	2	ZP:0001192	ZP:0000107
10	4	ZP:0001192	ZP:0000107
10	5	ZP:0001192	ZP:0000107
10	6	ZP:0001192	ZP:0000107
10	9	ZP:0001192	ZP:0000107
10	13	ZP:0001192	ZP:0000107
10	15	ZP:0001192	ZP:0000107
10	16	ZP:0001192	ZP:0000107
10	18	ZP:0001192	ZP:0000107
10	19	ZP:0001192	ZP:0000107
10	20	ZP:0001192	ZP:0000107
10	21	ZP:0001192	ZP:0000107
10	23	ZP:0001192	ZP:0000107
10	1	ZP:0001211	ZP:0127709
10	2	ZP:0001211	ZP:0127709
10	4	ZP:0001211	ZP:0127709
10	5	ZP:0001211	ZP:0127709
10	6	ZP:0001211	ZP:0127709
10	9	ZP:0001211	ZP:0127709
10	10	ZP:0001211	ZP:0127709
10	12	ZP:0001211	ZP:0127709
10	14	ZP:0001211	ZP:0127709
10	15	ZP:0001211	ZP:0127709
10	16	ZP:0001211	ZP:0127709
10	17	ZP:0001211	ZP:0127709
10	18	ZP:0001211	ZP:0127709
10	19	ZP:0001211	ZP:0127709
10	20	ZP:0001211	ZP:0127709
10	22	ZP:0001211	ZP:0127709
10	23	ZP:0001211	ZP:0127709
10	24	ZP:0001211	ZP:0127709
10	2	ZP:0002311	ZP:0001609
10	26	ZP:0002311	ZP:0001609
10	6	ZP:0002311	ZP:0001609
10	13	ZP:0003437	ZP:0003437
10	13	ZP:0004969	ZP:0001129
10	6	ZP:0005012	ZP:0127724
10	18	ZP:0005012	ZP:0127724
10	22	ZP:0005012	ZP:0127724
10	11	ZP:0005125	ZP:0127709
10	6	ZP:0009010	ZP:0000624
10	4	ZP:0010319	ZP:0001129
10	6	ZP:0010319	ZP:0001129
10	10	ZP:0010319	ZP:0001129
10	18	ZP:0010319	ZP:0001129
10	9	ZP:0014550	ZP:0014550
10	24	ZP:0014550	ZP:0014550
10	18	ZP:0015011	ZP:0007203
10	24	ZP:0015011	ZP:0007203
10	15	ZP:0016092	ZP:0002676
10	2	ZP:0019090	ZP:0015121
6	3	normal	normal
6	25	normal	normal
6	5	Not Available	Not Available
6	16	ZP:0000043	ZP:0000943
6	22	ZP:0000043	ZP:0000943
6	22	ZP:0000054	ZP:0001609
6	6	ZP:0000100	ZP:0000100
6	16	ZP:0000100	ZP:0000100
6	18	ZP:0000100	ZP:0000100
6	22	ZP:0000100	ZP:0000100
6	24	ZP:0000100	ZP:0000100
6	26	ZP:0000100	ZP:0000100
6	2	ZP:0000102	ZP:0002676
6	10	ZP:0000102	ZP:0002676
6	11	ZP:0000102	ZP:0002676
6	17	ZP:0000102	ZP:0002676
6	20	ZP:0000102	ZP:0002676
6	21	ZP:0000102	ZP:0002676
6	24	ZP:0000102	ZP:0002676
6	6	ZP:0000107	ZP:0000107
6	9	ZP:0000107	ZP:0000107
6	13	ZP:0000122	ZP:0000624
6	6	ZP:0000398	ZP:0000398
6	14	ZP:0000398	ZP:0000398
6	15	ZP:0000398	ZP:0000398
6	22	ZP:0000398	ZP:0000398
6	2	ZP:0000473	ZP:0012799
6	6	ZP:0000473	ZP:0012799
6	10	ZP:0000473	ZP:0012799
6	13	ZP:0000473	ZP:0012799
6	16	ZP:0000473	ZP:0012799
6	18	ZP:0000473	ZP:0012799
6	23	ZP:0000473	ZP:0012799
6	2	ZP:0000916	ZP:0007203
6	6	ZP:0000916	ZP:0007203
6	9	ZP:0000916	ZP:0007203
6	14	ZP:0000916	ZP:0007203
6	22	ZP:0000916	ZP:0007203
6	23	ZP:0000916	ZP:0007203
6	1	ZP:0000943	ZP:0000943
6	4	ZP:0000943	ZP:0000943
6	5	ZP:0000943	ZP:0000943
6	6	ZP:0000943	ZP:0000943
6	14	ZP:0000943	ZP:0000943
6	18	ZP:0000943	ZP:0000943
6	2	ZP:0001130	ZP:0001129
6	6	ZP:0001130	ZP:0001129
6	9	ZP:0001130	ZP:0001129
6	10	ZP:0001130	ZP:0001129
6	13	ZP:0001130	ZP:0001129
6	14	ZP:0001130	ZP:0001129
6	16	ZP:0001130	ZP:0001129
6	23	ZP:0001130	ZP:0001129
6	1	ZP:0001192	ZP:0000107
6	2	ZP:0001192	ZP:0000107
6	4	ZP:0001192	ZP:0000107
6	14	ZP:0001192	ZP:0000107
6	15	ZP:0001192	ZP:0000107
6	16	ZP:0001192	ZP:0000107
6	18	ZP:0001192	ZP:0000107
6	20	ZP:0001192	ZP:0000107
6	21	ZP:0001192	ZP:0000107
6	22	ZP:0001192	ZP:0000107
6	23	ZP:0001192	ZP:0000107
6	24	ZP:0001192	ZP:0000107
6	2	ZP:0001211	ZP:0127709
6	4	ZP:0001211	ZP:0127709
6	9	ZP:0001211	ZP:0127709
6	12	ZP:0001211	ZP:0127709
6	15	ZP:0001211	ZP:0127709
6	16	ZP:0001211	ZP:0127709
6	20	ZP:0001211	ZP:0127709
6	24	ZP:0001211	ZP:0127709
6	18	ZP:0001601	ZP:0001601
6	22	ZP:0001601	ZP:0001601
6	4	ZP:0001609	ZP:0001609
6	5	ZP:0001609	ZP:0001609
6	9	ZP:0001609	ZP:0001609
6	13	ZP:0001609	ZP:0001609
6	18	ZP:0001609	ZP:0001609
6	2	ZP:0001610	ZP:0001610
6	4	ZP:0001610	ZP:0001610
6	5	ZP:0001610	ZP:0001610
6	6	ZP:0001610	ZP:0001610
6	9	ZP:0001610	ZP:0001610
6	13	ZP:0001610	ZP:0001610
6	14	ZP:0001610	ZP:0001610
6	15	ZP:0001610	ZP:0001610
6	16	ZP:0001610	ZP:0001610
6	18	ZP:0001610	ZP:0001610
6	22	ZP:0001610	ZP:0001610
6	23	ZP:0001610	ZP:0001610
6	1	ZP:0002060	ZP:0002676
6	4	ZP:0002060	ZP:0002676
6	5	ZP:0002060	ZP:0002676
6	6	ZP:0002060	ZP:0002676
6	9	ZP:0002060	ZP:0002676
6	13	ZP:0002060	ZP:0002676
6	14	ZP:0002060	ZP:0002676
6	15	ZP:0002060	ZP:0002676
6	16	ZP:0002060	ZP:0002676
6	18	ZP:0002060	ZP:0002676
6	22	ZP:0002060	ZP:0002676
6	23	ZP:0002060	ZP:0002676
6	6	ZP:0002311	ZP:0001609
6	1	ZP:0002944	ZP:0127709
6	5	ZP:0002944	ZP:0127709
6	6	ZP:0002944	ZP:0127709
6	13	ZP:0002944	ZP:0127709
6	18	ZP:0002944	ZP:0127709
6	22	ZP:0002944	ZP:0127709
6	23	ZP:0002944	ZP:0127709
6	6	ZP:0003437	ZP:0003437
6	9	ZP:0003437	ZP:0003437
6	10	ZP:0003437	ZP:0003437
6	13	ZP:0003437	ZP:0003437
6	16	ZP:0003437	ZP:0003437
6	18	ZP:0003437	ZP:0003437
6	22	ZP:0003437	ZP:0003437
6	23	ZP:0003437	ZP:0003437
6	4	ZP:0003437	ZP:0003437
6	2	ZP:0004969	ZP:0001129
6	4	ZP:0004969	ZP:0001129
6	6	ZP:0004969	ZP:0001129
6	9	ZP:0004969	ZP:0001129
6	10	ZP:0004969	ZP:0001129
6	13	ZP:0004969	ZP:0001129
6	15	ZP:0004969	ZP:0001129
6	18	ZP:0004969	ZP:0001129
6	22	ZP:0004969	ZP:0001129
6	24	ZP:0004969	ZP:0001129
6	6	ZP:0005012	ZP:0127724
6	9	ZP:0005012	ZP:0127724
6	18	ZP:0005012	ZP:0127724
6	22	ZP:0005012	ZP:0127724
6	24	ZP:0005012	ZP:0127724
6	5	ZP:0005930	ZP:0000107
6	13	ZP:0005930	ZP:0000107
6	17	ZP:0005930	ZP:0000107
6	15	ZP:0006124	ZP:0002676
6	16	ZP:0006124	ZP:0002676
6	17	ZP:0006124	ZP:0002676
6	22	ZP:0006124	ZP:0002676
6	13	ZP:0007203	ZP:0007203
6	20	ZP:0007203	ZP:0007203
6	18	ZP:0009010	ZP:0000624
6	4	ZP:0010319	ZP:0001129
6	6	ZP:0010319	ZP:0001129
6	10	ZP:0010319	ZP:0001129
6	13	ZP:0010319	ZP:0001129
6	15	ZP:0010319	ZP:0001129
6	18	ZP:0010319	ZP:0001129
6	22	ZP:0010319	ZP:0001129
6	24	ZP:0010319	ZP:0001129
6	5	ZP:0012799	ZP:0012799
6	9	ZP:0012799	ZP:0012799
6	1	ZP:0014550	ZP:0014550
6	2	ZP:0014550	ZP:0014550
6	4	ZP:0014550	ZP:0014550
6	5	ZP:0014550	ZP:0014550
6	6	ZP:0014550	ZP:0014550
6	9	ZP:0014550	ZP:0014550
6	10	ZP:0014550	ZP:0014550
6	11	ZP:0014550	ZP:0014550
6	12	ZP:0014550	ZP:0014550
6	13	ZP:0014550	ZP:0014550
6	14	ZP:0014550	ZP:0014550
6	16	ZP:0014550	ZP:0014550
6	18	ZP:0014550	ZP:0014550
6	20	ZP:0014550	ZP:0014550
6	22	ZP:0014550	ZP:0014550
6	23	ZP:0014550	ZP:0014550
6	24	ZP:0014550	ZP:0014550
6	1	ZP:0015011	ZP:0007203
6	4	ZP:0015011	ZP:0007203
6	5	ZP:0015011	ZP:0007203
6	16	ZP:0015011	ZP:0007203
6	17	ZP:0015011	ZP:0007203
6	18	ZP:0015011	ZP:0007203
6	21	ZP:0015011	ZP:0007203
6	24	ZP:0015011	ZP:0007203
6	16	ZP:0015121	ZP:0015121
6	22	ZP:0015121	ZP:0015121
6	2	ZP:0019090	ZP:0015121
6	6	ZP:0019090	ZP:0015121
6	11	ZP:0019090	ZP:0015121
6	13	ZP:0019090	ZP:0015121
6	17	ZP:0127709	ZP:0127709
6	13	ZP:0127724	ZP:0127724
8	3	normal	normal
8	21	normal	normal
8	25	normal	normal
8	5	ZP:0000043	ZP:0000943
8	6	ZP:0000043	ZP:0000943
8	16	ZP:0000043	ZP:0000943
8	18	ZP:0000043	ZP:0000943
8	22	ZP:0000043	ZP:0000943
8	4	ZP:0000054	ZP:0001609
8	5	ZP:0000054	ZP:0001609
8	6	ZP:0000054	ZP:0001609
8	9	ZP:0000054	ZP:0001609
8	11	ZP:0000054	ZP:0001609
8	16	ZP:0000054	ZP:0001609
8	18	ZP:0000054	ZP:0001609
8	23	ZP:0000054	ZP:0001609
8	24	ZP:0000054	ZP:0001609
8	26	ZP:0000054	ZP:0001609
8	4	ZP:0000100	ZP:0000100
8	5	ZP:0000100	ZP:0000100
8	6	ZP:0000100	ZP:0000100
8	9	ZP:0000100	ZP:0000100
8	13	ZP:0000100	ZP:0000100
8	16	ZP:0000100	ZP:0000100
8	17	ZP:0000100	ZP:0000100
8	18	ZP:0000100	ZP:0000100
8	19	ZP:0000100	ZP:0000100
8	20	ZP:0000100	ZP:0000100
8	22	ZP:0000100	ZP:0000100
8	24	ZP:0000100	ZP:0000100
8	26	ZP:0000100	ZP:0000100
8	1	ZP:0000102	ZP:0002676
8	2	ZP:0000102	ZP:0002676
8	4	ZP:0000102	ZP:0002676
8	5	ZP:0000102	ZP:0002676
8	9	ZP:0000102	ZP:0002676
8	13	ZP:0000102	ZP:0002676
8	14	ZP:0000102	ZP:0002676
8	15	ZP:0000102	ZP:0002676
8	16	ZP:0000102	ZP:0002676
8	18	ZP:0000102	ZP:0002676
8	22	ZP:0000102	ZP:0002676
8	23	ZP:0000102	ZP:0002676
8	13	ZP:0000122	ZP:0000624
8	5	ZP:0000398	ZP:0000398
8	6	ZP:0000398	ZP:0000398
8	9	ZP:0000398	ZP:0000398
8	15	ZP:0000398	ZP:0000398
8	16	ZP:0000398	ZP:0000398
8	22	ZP:0000398	ZP:0000398
8	26	ZP:0000398	ZP:0000398
8	2	ZP:0000473	ZP:0012799
8	4	ZP:0000473	ZP:0012799
8	5	ZP:0000473	ZP:0012799
8	6	ZP:0000473	ZP:0012799
8	9	ZP:0000473	ZP:0012799
8	10	ZP:0000473	ZP:0012799
8	14	ZP:0000473	ZP:0012799
8	16	ZP:0000473	ZP:0012799
8	18	ZP:0000473	ZP:0012799
8	22	ZP:0000473	ZP:0012799
8	23	ZP:0000473	ZP:0012799
8	18	ZP:0000627	ZP:0000624
8	4	ZP:0000916	ZP:0007203
8	5	ZP:0000916	ZP:0007203
8	6	ZP:0000916	ZP:0007203
8	16	ZP:0000916	ZP:0007203
8	22	ZP:0000916	ZP:0007203
8	23	ZP:0000916	ZP:0007203
8	11	ZP:0000943	ZP:0000943
8	1	ZP:0001192	ZP:0000107
8	2	ZP:0001192	ZP:0000107
8	4	ZP:0001192	ZP:0000107
8	5	ZP:0001192	ZP:0000107
8	6	ZP:0001192	ZP:0000107
8	9	ZP:0001192	ZP:0000107
8	14	ZP:0001192	ZP:0000107
8	15	ZP:0001192	ZP:0000107
8	16	ZP:0001192	ZP:0000107
8	18	ZP:0001192	ZP:0000107
8	20	ZP:0001192	ZP:0000107
8	23	ZP:0001192	ZP:0000107
8	1	ZP:0001211	ZP:0127709
8	2	ZP:0001211	ZP:0127709
8	4	ZP:0001211	ZP:0127709
8	9	ZP:0001211	ZP:0127709
8	10	ZP:0001211	ZP:0127709
8	12	ZP:0001211	ZP:0127709
8	13	ZP:0001211	ZP:0127709
8	17	ZP:0001211	ZP:0127709
8	18	ZP:0001211	ZP:0127709
8	20	ZP:0001211	ZP:0127709
8	23	ZP:0001211	ZP:0127709
8	24	ZP:0001211	ZP:0127709
8	4	ZP:0001601	ZP:0001601
8	6	ZP:0001601	ZP:0001601
8	14	ZP:0001601	ZP:0001601
8	15	ZP:0001601	ZP:0001601
8	16	ZP:0001601	ZP:0001601
8	19	ZP:0001601	ZP:0001601
8	22	ZP:0001601	ZP:0001601
8	23	ZP:0001601	ZP:0001601
8	17	ZP:0001609	ZP:0001609
8	4	ZP:0001610	ZP:0001610
8	6	ZP:0002060	ZP:0002676
8	11	ZP:0002676	ZP:0002676
8	5	ZP:0002944	ZP:0127709
8	6	ZP:0002944	ZP:0127709
8	16	ZP:0002944	ZP:0127709
8	22	ZP:0002944	ZP:0127709
8	2	ZP:0003437	ZP:0003437
8	4	ZP:0003437	ZP:0003437
8	6	ZP:0003437	ZP:0003437
8	9	ZP:0003437	ZP:0003437
8	16	ZP:0003437	ZP:0003437
8	18	ZP:0003437	ZP:0003437
8	22	ZP:0003437	ZP:0003437
8	4	ZP:0004969	ZP:0001129
8	6	ZP:0004969	ZP:0001129
8	16	ZP:0004969	ZP:0001129
8	24	ZP:0004969	ZP:0001129
8	4	ZP:0005012	ZP:0127724
8	6	ZP:0005012	ZP:0127724
8	15	ZP:0005012	ZP:0127724
8	16	ZP:0005012	ZP:0127724
8	18	ZP:0005012	ZP:0127724
8	22	ZP:0005012	ZP:0127724
8	11	ZP:0005125	ZP:0127709
8	14	ZP:0005125	ZP:0127709
8	13	ZP:0005930	ZP:0000107
8	22	ZP:0005930	ZP:0000107
8	1	ZP:0007203	ZP:0007203
8	2	ZP:0007203	ZP:0007203
8	9	ZP:0007203	ZP:0007203
8	14	ZP:0007203	ZP:0007203
8	19	ZP:0007203	ZP:0007203
8	19	ZP:0012799	ZP:0012799
8	1	ZP:0014550	ZP:0014550
8	2	ZP:0014550	ZP:0014550
8	4	ZP:0014550	ZP:0014550
8	5	ZP:0014550	ZP:0014550
8	6	ZP:0014550	ZP:0014550
8	9	ZP:0014550	ZP:0014550
8	11	ZP:0014550	ZP:0014550
8	12	ZP:0014550	ZP:0014550
8	13	ZP:0014550	ZP:0014550
8	14	ZP:0014550	ZP:0014550
8	16	ZP:0014550	ZP:0014550
8	18	ZP:0014550	ZP:0014550
8	19	ZP:0014550	ZP:0014550
8	22	ZP:0014550	ZP:0014550
8	23	ZP:0014550	ZP:0014550
8	24	ZP:0014550	ZP:0014550
8	17	ZP:0015011	ZP:0007203
8	18	ZP:0015011	ZP:0007203
8	24	ZP:0015011	ZP:0007203
8	4	ZP:0015121	ZP:0015121
8	11	ZP:0015121	ZP:0015121
8	16	ZP:0015121	ZP:0015121
8	19	ZP:0015121	ZP:0015121
8	2	ZP:0019090	ZP:0015121
8	6	ZP:0019090	ZP:0015121
8	14	ZP:0019090	ZP:0015121
8	18	ZP:0019090	ZP:0015121
8	22	ZP:0019090	ZP:0015121
8	13	ZP:0127724	ZP:0127724
11	3	normal	normal
11	25	normal	normal
11	2	Not Available	Not Available
11	4	Not Available	Not Available
11	5	Not Available	Not Available
11	6	Not Available	Not Available
11	9	Not Available	Not Available
11	13	Not Available	Not Available
11	17	Not Available	Not Available
11	22	Not Available	Not Available
11	16	ZP:0000043	ZP:0000943
11	6	ZP:0000054	ZP:0001609
11	16	ZP:0000054	ZP:0001609
11	19	ZP:0000054	ZP:0001609
11	22	ZP:0000054	ZP:0001609
11	26	ZP:0000100	ZP:0000100
11	2	ZP:0000102	ZP:0002676
11	5	ZP:0000102	ZP:0002676
11	6	ZP:0000102	ZP:0002676
11	13	ZP:0000102	ZP:0002676
11	14	ZP:0000102	ZP:0002676
11	18	ZP:0000102	ZP:0002676
11	19	ZP:0000102	ZP:0002676
11	22	ZP:0000102	ZP:0002676
11	23	ZP:0000102	ZP:0002676
11	4	ZP:0000107	ZP:0000107
11	17	ZP:0000107	ZP:0000107
11	22	ZP:0000107	ZP:0000107
11	13	ZP:0000122	ZP:0000624
11	18	ZP:0000122	ZP:0000624
11	6	ZP:0000306	ZP:0000306
11	22	ZP:0000306	ZP:0000306
11	6	ZP:0000398	ZP:0000398
11	16	ZP:0000398	ZP:0000398
11	22	ZP:0000398	ZP:0000398
11	10	ZP:0000473	ZP:0012799
11	13	ZP:0000473	ZP:0012799
11	16	ZP:0000473	ZP:0012799
11	2	ZP:0000624	ZP:0000624
11	4	ZP:0000916	ZP:0007203
11	6	ZP:0000916	ZP:0007203
11	13	ZP:0000916	ZP:0007203
11	14	ZP:0000916	ZP:0007203
11	15	ZP:0000916	ZP:0007203
11	16	ZP:0000916	ZP:0007203
11	22	ZP:0000916	ZP:0007203
11	23	ZP:0000916	ZP:0007203
11	17	ZP:0000916	ZP:0007203
11	16	ZP:0001130	ZP:0001129
11	1	ZP:0001192	ZP:0000107
11	2	ZP:0001192	ZP:0000107
11	5	ZP:0001192	ZP:0000107
11	6	ZP:0001192	ZP:0000107
11	14	ZP:0001192	ZP:0000107
11	15	ZP:0001192	ZP:0000107
11	19	ZP:0001192	ZP:0000107
11	20	ZP:0001192	ZP:0000107
11	23	ZP:0001192	ZP:0000107
11	4	ZP:0001211	ZP:0127709
11	6	ZP:0001211	ZP:0127709
11	12	ZP:0001211	ZP:0127709
11	13	ZP:0001211	ZP:0127709
11	14	ZP:0001211	ZP:0127709
11	15	ZP:0001211	ZP:0127709
11	16	ZP:0001211	ZP:0127709
11	18	ZP:0001211	ZP:0127709
11	19	ZP:0001211	ZP:0127709
11	20	ZP:0001211	ZP:0127709
11	22	ZP:0001211	ZP:0127709
11	24	ZP:0001211	ZP:0127709
11	4	ZP:0001609	ZP:0001609
11	13	ZP:0001609	ZP:0001609
11	23	ZP:0001609	ZP:0001609
11	15	ZP:0002008	ZP:0002008
11	9	ZP:0002060	ZP:0002676
11	16	ZP:0002060	ZP:0002676
11	6	ZP:0002311	ZP:0001609
11	26	ZP:0002311	ZP:0001609
11	17	ZP:0002676	ZP:0002676
11	13	ZP:0003437	ZP:0003437
11	6	ZP:0005012	ZP:0127724
11	13	ZP:0005012	ZP:0127724
11	18	ZP:0005012	ZP:0127724
11	22	ZP:0005012	ZP:0127724
11	24	ZP:0005012	ZP:0127724
11	23	ZP:0005125	ZP:0127709
11	9	ZP:0005930	ZP:0000107
11	13	ZP:0005930	ZP:0000107
11	17	ZP:0007203	ZP:0007203
11	19	ZP:0007203	ZP:0007203
11	6	ZP:0009010	ZP:0000624
11	4	ZP:0014550	ZP:0014550
11	5	ZP:0014550	ZP:0014550
11	6	ZP:0014550	ZP:0014550
11	9	ZP:0014550	ZP:0014550
11	11	ZP:0014550	ZP:0014550
11	13	ZP:0014550	ZP:0014550
11	14	ZP:0014550	ZP:0014550
11	16	ZP:0014550	ZP:0014550
11	17	ZP:0014550	ZP:0014550
11	18	ZP:0014550	ZP:0014550
11	22	ZP:0014550	ZP:0014550
11	23	ZP:0014550	ZP:0014550
11	24	ZP:0014550	ZP:0014550
11	20	ZP:0015011	ZP:0007203
11	21	ZP:0015011	ZP:0007203
11	24	ZP:0015011	ZP:0007203
11	15	ZP:0016092	ZP:0002676
11	19	ZP:0016128	ZP:0002008
11	24	ZP:0016128	ZP:0002008
14	3	normal	normal
14	11	normal	normal
14	21	normal	normal
14	25	normal	normal
14	26	normal	normal
14	9	ZP:0000043	ZP:0000943
14	14	ZP:0000043	ZP:0000943
14	15	ZP:0000043	ZP:0000943
14	16	ZP:0000043	ZP:0000943
14	22	ZP:0000043	ZP:0000943
14	6	ZP:0000054	ZP:0001609
14	22	ZP:0000054	ZP:0001609
14	1	ZP:0000054	ZP:0001609
14	2	ZP:0000054	ZP:0001609
14	9	ZP:0000054	ZP:0001609
14	14	ZP:0000054	ZP:0001609
14	16	ZP:0000054	ZP:0001609
14	19	ZP:0000054	ZP:0001609
14	23	ZP:0000054	ZP:0001609
14	6	ZP:0000102	ZP:0002676
14	9	ZP:0000102	ZP:0002676
14	14	ZP:0000102	ZP:0002676
14	16	ZP:0000102	ZP:0002676
14	18	ZP:0000102	ZP:0002676
14	22	ZP:0000102	ZP:0002676
14	13	ZP:0000122	ZP:0000624
14	18	ZP:0000122	ZP:0000624
14	2	ZP:0000398	ZP:0000398
14	6	ZP:0000398	ZP:0000398
14	22	ZP:0000398	ZP:0000398
14	6	ZP:0000473	ZP:0012799
14	9	ZP:0000473	ZP:0012799
14	10	ZP:0000473	ZP:0012799
14	13	ZP:0000473	ZP:0012799
14	14	ZP:0000473	ZP:0012799
14	16	ZP:0000473	ZP:0012799
14	18	ZP:0000473	ZP:0012799
14	19	ZP:0000473	ZP:0012799
14	23	ZP:0000473	ZP:0012799
14	16	ZP:0000624	ZP:0000624
14	4	ZP:0001129	ZP:0001129
14	1	ZP:0001192	ZP:0000107
14	2	ZP:0001192	ZP:0000107
14	4	ZP:0001192	ZP:0000107
14	5	ZP:0001192	ZP:0000107
14	6	ZP:0001192	ZP:0000107
14	9	ZP:0001192	ZP:0000107
14	14	ZP:0001192	ZP:0000107
14	15	ZP:0001192	ZP:0000107
14	16	ZP:0001192	ZP:0000107
14	18	ZP:0001192	ZP:0000107
14	19	ZP:0001192	ZP:0000107
14	20	ZP:0001192	ZP:0000107
14	23	ZP:0001192	ZP:0000107
14	10	ZP:0001211	ZP:0127709
14	12	ZP:0001211	ZP:0127709
14	17	ZP:0001211	ZP:0127709
14	19	ZP:0001211	ZP:0127709
14	23	ZP:0001211	ZP:0127709
14	24	ZP:0001211	ZP:0127709
14	4	ZP:0001609	ZP:0001609
14	6	ZP:0002008	ZP:0002008
14	6	ZP:0002311	ZP:0001609
14	22	ZP:0002311	ZP:0001609
14	2	ZP:0002676	ZP:0002676
14	5	ZP:0002676	ZP:0002676
14	10	ZP:0002676	ZP:0002676
14	13	ZP:0002676	ZP:0002676
14	15	ZP:0002676	ZP:0002676
14	1	ZP:0002944	ZP:0127709
14	4	ZP:0002944	ZP:0127709
14	5	ZP:0002944	ZP:0127709
14	6	ZP:0002944	ZP:0127709
14	9	ZP:0002944	ZP:0127709
14	13	ZP:0002944	ZP:0127709
14	14	ZP:0002944	ZP:0127709
14	15	ZP:0002944	ZP:0127709
14	16	ZP:0002944	ZP:0127709
14	18	ZP:0002944	ZP:0127709
14	20	ZP:0002944	ZP:0127709
14	22	ZP:0002944	ZP:0127709
14	2	ZP:0003437	ZP:0003437
14	6	ZP:0003437	ZP:0003437
14	10	ZP:0003437	ZP:0003437
14	16	ZP:0003437	ZP:0003437
14	18	ZP:0003437	ZP:0003437
14	19	ZP:0003437	ZP:0003437
14	22	ZP:0003437	ZP:0003437
14	23	ZP:0003437	ZP:0003437
14	6	ZP:0004969	ZP:0001129
14	18	ZP:0004969	ZP:0001129
14	6	ZP:0005012	ZP:0127724
14	13	ZP:0005012	ZP:0127724
14	15	ZP:0005012	ZP:0127724
14	18	ZP:0005012	ZP:0127724
14	22	ZP:0005012	ZP:0127724
14	24	ZP:0005012	ZP:0127724
14	13	ZP:0005930	ZP:0000107
14	22	ZP:0005930	ZP:0000107
14	4	ZP:0007203	ZP:0007203
14	5	ZP:0007203	ZP:0007203
14	6	ZP:0007203	ZP:0007203
14	16	ZP:0007203	ZP:0007203
14	19	ZP:0007203	ZP:0007203
14	22	ZP:0007203	ZP:0007203
14	23	ZP:0007203	ZP:0007203
14	22	ZP:0010319	ZP:0001129
14	2	ZP:0014550	ZP:0014550
14	4	ZP:0014550	ZP:0014550
14	5	ZP:0014550	ZP:0014550
14	6	ZP:0014550	ZP:0014550
14	9	ZP:0014550	ZP:0014550
14	14	ZP:0014550	ZP:0014550
14	16	ZP:0014550	ZP:0014550
14	19	ZP:0014550	ZP:0014550
14	20	ZP:0014550	ZP:0014550
14	22	ZP:0014550	ZP:0014550
14	23	ZP:0014550	ZP:0014550
14	18	ZP:0019090	ZP:0015121
14	16	ZP:0127724	ZP:0127724
4	3	normal	normal
4	25	normal	normal
4	1	ZP:0000043	ZP:0000943
4	2	ZP:0000043	ZP:0000943
4	4	ZP:0000043	ZP:0000943
4	5	ZP:0000043	ZP:0000943
4	6	ZP:0000043	ZP:0000943
4	9	ZP:0000043	ZP:0000943
4	13	ZP:0000043	ZP:0000943
4	14	ZP:0000043	ZP:0000943
4	16	ZP:0000043	ZP:0000943
4	18	ZP:0000043	ZP:0000943
4	19	ZP:0000043	ZP:0000943
4	22	ZP:0000043	ZP:0000943
4	23	ZP:0000043	ZP:0000943
4	1	ZP:0000054	ZP:0001609
4	2	ZP:0000054	ZP:0001609
4	5	ZP:0000054	ZP:0001609
4	6	ZP:0000054	ZP:0001609
4	9	ZP:0000054	ZP:0001609
4	14	ZP:0000054	ZP:0001609
4	16	ZP:0000054	ZP:0001609
4	18	ZP:0000054	ZP:0001609
4	19	ZP:0000054	ZP:0001609
4	20	ZP:0000054	ZP:0001609
4	22	ZP:0000054	ZP:0001609
4	23	ZP:0000054	ZP:0001609
4	24	ZP:0000054	ZP:0001609
4	4	ZP:0000100	ZP:0000100
4	5	ZP:0000100	ZP:0000100
4	6	ZP:0000100	ZP:0000100
4	9	ZP:0000100	ZP:0000100
4	13	ZP:0000100	ZP:0000100
4	16	ZP:0000100	ZP:0000100
4	18	ZP:0000100	ZP:0000100
4	19	ZP:0000100	ZP:0000100
4	22	ZP:0000100	ZP:0000100
4	23	ZP:0000100	ZP:0000100
4	1	ZP:0000102	ZP:0002676
4	2	ZP:0000102	ZP:0002676
4	5	ZP:0000102	ZP:0002676
4	6	ZP:0000102	ZP:0002676
4	9	ZP:0000102	ZP:0002676
4	17	ZP:0000102	ZP:0002676
4	18	ZP:0000102	ZP:0002676
4	19	ZP:0000102	ZP:0002676
4	20	ZP:0000102	ZP:0002676
4	21	ZP:0000102	ZP:0002676
4	22	ZP:0000102	ZP:0002676
4	26	ZP:0000102	ZP:0002676
4	2	ZP:0000107	ZP:0000107
4	6	ZP:0000398	ZP:0000398
4	22	ZP:0000398	ZP:0000398
4	9	ZP:0000473	ZP:0012799
4	10	ZP:0000473	ZP:0012799
4	14	ZP:0000473	ZP:0012799
4	16	ZP:0000473	ZP:0012799
4	18	ZP:0000473	ZP:0012799
4	19	ZP:0000473	ZP:0012799
4	20	ZP:0000473	ZP:0012799
4	23	ZP:0000473	ZP:0012799
4	24	ZP:0000473	ZP:0012799
4	13	ZP:0000624	ZP:0000624
4	18	ZP:0000624	ZP:0000624
4	4	ZP:0000916	ZP:0007203
4	5	ZP:0000916	ZP:0007203
4	6	ZP:0000916	ZP:0007203
4	9	ZP:0000916	ZP:0007203
4	14	ZP:0000916	ZP:0007203
4	15	ZP:0000916	ZP:0007203
4	16	ZP:0000916	ZP:0007203
4	19	ZP:0000916	ZP:0007203
4	22	ZP:0000916	ZP:0007203
4	23	ZP:0000916	ZP:0007203
4	9	ZP:0001130	ZP:0001129
4	18	ZP:0001130	ZP:0001129
4	19	ZP:0001130	ZP:0001129
4	1	ZP:0001192	ZP:0000107
4	4	ZP:0001192	ZP:0000107
4	5	ZP:0001192	ZP:0000107
4	6	ZP:0001192	ZP:0000107
4	9	ZP:0001192	ZP:0000107
4	14	ZP:0001192	ZP:0000107
4	15	ZP:0001192	ZP:0000107
4	16	ZP:0001192	ZP:0000107
4	18	ZP:0001192	ZP:0000107
4	19	ZP:0001192	ZP:0000107
4	22	ZP:0001192	ZP:0000107
4	23	ZP:0001192	ZP:0000107
4	1	ZP:0001211	ZP:0127709
4	2	ZP:0001211	ZP:0127709
4	4	ZP:0001211	ZP:0127709
4	5	ZP:0001211	ZP:0127709
4	6	ZP:0001211	ZP:0127709
4	9	ZP:0001211	ZP:0127709
4	10	ZP:0001211	ZP:0127709
4	12	ZP:0001211	ZP:0127709
4	13	ZP:0001211	ZP:0127709
4	14	ZP:0001211	ZP:0127709
4	15	ZP:0001211	ZP:0127709
4	16	ZP:0001211	ZP:0127709
4	17	ZP:0001211	ZP:0127709
4	18	ZP:0001211	ZP:0127709
4	19	ZP:0001211	ZP:0127709
4	20	ZP:0001211	ZP:0127709
4	22	ZP:0001211	ZP:0127709
4	23	ZP:0001211	ZP:0127709
4	24	ZP:0001211	ZP:0127709
4	22	ZP:0001601	ZP:0001601
4	13	ZP:0002008	ZP:0002008
4	15	ZP:0002008	ZP:0002008
4	16	ZP:0002008	ZP:0002008
4	18	ZP:0002008	ZP:0002008
4	19	ZP:0002008	ZP:0002008
4	22	ZP:0002008	ZP:0002008
4	10	ZP:0002060	ZP:0002676
4	13	ZP:0002060	ZP:0002676
4	14	ZP:0002060	ZP:0002676
4	15	ZP:0002060	ZP:0002676
4	16	ZP:0002060	ZP:0002676
4	6	ZP:0002311	ZP:0001609
4	22	ZP:0002311	ZP:0001609
4	26	ZP:0002311	ZP:0001609
4	6	ZP:0003437	ZP:0003437
4	13	ZP:0003437	ZP:0003437
4	16	ZP:0003437	ZP:0003437
4	18	ZP:0003437	ZP:0003437
4	19	ZP:0003437	ZP:0003437
4	22	ZP:0003437	ZP:0003437
4	4	ZP:0004969	ZP:0001129
4	18	ZP:0004969	ZP:0001129
4	4	ZP:0005012	ZP:0127724
4	6	ZP:0005012	ZP:0127724
4	10	ZP:0005012	ZP:0127724
4	13	ZP:0005012	ZP:0127724
4	15	ZP:0005012	ZP:0127724
4	16	ZP:0005012	ZP:0127724
4	18	ZP:0005012	ZP:0127724
4	19	ZP:0005012	ZP:0127724
4	22	ZP:0005012	ZP:0127724
4	24	ZP:0005012	ZP:0127724
4	11	ZP:0005125	ZP:0127709
4	13	ZP:0005930	ZP:0000107
4	15	ZP:0006124	ZP:0002676
4	4	ZP:0010319	ZP:0001129
4	6	ZP:0010319	ZP:0001129
4	10	ZP:0010319	ZP:0001129
4	24	ZP:0010319	ZP:0001129
4	6	ZP:0012799	ZP:0012799
4	1	ZP:0014550	ZP:0014550
4	2	ZP:0014550	ZP:0014550
4	4	ZP:0014550	ZP:0014550
4	5	ZP:0014550	ZP:0014550
4	6	ZP:0014550	ZP:0014550
4	9	ZP:0014550	ZP:0014550
4	13	ZP:0014550	ZP:0014550
4	14	ZP:0014550	ZP:0014550
4	15	ZP:0014550	ZP:0014550
4	16	ZP:0014550	ZP:0014550
4	17	ZP:0014550	ZP:0014550
4	18	ZP:0014550	ZP:0014550
4	19	ZP:0014550	ZP:0014550
4	20	ZP:0014550	ZP:0014550
4	21	ZP:0014550	ZP:0014550
4	22	ZP:0014550	ZP:0014550
4	23	ZP:0014550	ZP:0014550
4	24	ZP:0014550	ZP:0014550
4	17	ZP:0015011	ZP:0007203
4	24	ZP:0015011	ZP:0007203
4	6	ZP:0016092	ZP:0002676
4	9	ZP:0016092	ZP:0002676
4	14	ZP:0016092	ZP:0002676
4	16	ZP:0016092	ZP:0002676
4	17	ZP:0016092	ZP:0002676
4	18	ZP:0016092	ZP:0002676
4	19	ZP:0016092	ZP:0002676
4	20	ZP:0016092	ZP:0002676
4	22	ZP:0016092	ZP:0002676
4	23	ZP:0016092	ZP:0002676
4	1	ZP:0016128	ZP:0002008
4	2	ZP:0016128	ZP:0002008
4	4	ZP:0016128	ZP:0002008
4	5	ZP:0016128	ZP:0002008
4	6	ZP:0016128	ZP:0002008
4	2	ZP:0127724	ZP:0127724
15	3	normal	normal
15	21	normal	normal
15	25	normal	normal
15	26	normal	normal
15	4	ZP:0000107	ZP:0000107
15	9	ZP:0000473	ZP:0012799
15	14	ZP:0000473	ZP:0012799
15	16	ZP:0000473	ZP:0012799
15	18	ZP:0000473	ZP:0012799
15	19	ZP:0000473	ZP:0012799
15	23	ZP:0000473	ZP:0012799
15	13	ZP:0000627	ZP:0000624
15	18	ZP:0000627	ZP:0000624
15	24	ZP:0000916	ZP:0007203
15	4	ZP:0001129	ZP:0001129
15	1	ZP:0001192	ZP:0000107
15	2	ZP:0001192	ZP:0000107
15	5	ZP:0001192	ZP:0000107
15	6	ZP:0001192	ZP:0000107
15	9	ZP:0001192	ZP:0000107
15	14	ZP:0001192	ZP:0000107
15	15	ZP:0001192	ZP:0000107
15	16	ZP:0001192	ZP:0000107
15	19	ZP:0001192	ZP:0000107
15	20	ZP:0001192	ZP:0000107
15	1	ZP:0001211	ZP:0127709
15	2	ZP:0001211	ZP:0127709
15	5	ZP:0001211	ZP:0127709
15	16	ZP:0001609	ZP:0001609
15	16	ZP:0001610	ZP:0001610
15	6	ZP:0002676	ZP:0002676
15	15	ZP:0002676	ZP:0002676
15	6	ZP:0005012	ZP:0127724
15	13	ZP:0005012	ZP:0127724
15	18	ZP:0005012	ZP:0127724
15	22	ZP:0005012	ZP:0127724
15	11	ZP:0005125	ZP:0127709
15	10	ZP:0012799	ZP:0012799
15	13	ZP:0012799	ZP:0012799
15	4	ZP:0014550	ZP:0014550
15	4	ZP:0127709	ZP:0127709
15	6	ZP:0127709	ZP:0127709
15	9	ZP:0127709	ZP:0127709
15	12	ZP:0127709	ZP:0127709
15	13	ZP:0127709	ZP:0127709
15	15	ZP:0127709	ZP:0127709
15	17	ZP:0127709	ZP:0127709
15	19	ZP:0127709	ZP:0127709
15	20	ZP:0127709	ZP:0127709
15	23	ZP:0127709	ZP:0127709
15	24	ZP:0127709	ZP:0127709
13	3	normal	normal
13	13	Not Available	ZP:0001609
13	15	Not Available	ZP:0002676
13	15	Not Available	ZP:0002008
13	2	Not Available	ZP:0015121
13	13	Not Available	ZP:0001129
13	26	Not Available	ZP:0000100
13	24	Not Available	ZP:0001609
13	1	ZP:0000043	ZP:0000943
13	4	ZP:0000043	ZP:0000943
13	5	ZP:0000043	ZP:0000943
13	6	ZP:0000043	ZP:0000943
13	9	ZP:0000043	ZP:0000943
13	14	ZP:0000043	ZP:0000943
13	16	ZP:0000043	ZP:0000943
13	18	ZP:0000043	ZP:0000943
13	19	ZP:0000043	ZP:0000943
13	22	ZP:0000043	ZP:0000943
13	23	ZP:0000043	ZP:0000943
13	24	ZP:0000043	ZP:0000943
13	1	ZP:0000054	ZP:0001609
13	2	ZP:0000054	ZP:0001609
13	4	ZP:0000054	ZP:0001609
13	5	ZP:0000054	ZP:0001609
13	6	ZP:0000054	ZP:0001609
13	9	ZP:0000054	ZP:0001609
13	14	ZP:0000054	ZP:0001609
13	16	ZP:0000054	ZP:0001609
13	19	ZP:0000054	ZP:0001609
13	22	ZP:0000054	ZP:0001609
13	23	ZP:0000054	ZP:0001609
13	26	ZP:0000100	ZP:0000100
13	1	ZP:0000102	ZP:0002676
13	2	ZP:0000102	ZP:0002676
13	4	ZP:0000102	ZP:0002676
13	5	ZP:0000102	ZP:0002676
13	6	ZP:0000102	ZP:0002676
13	9	ZP:0000102	ZP:0002676
13	10	ZP:0000102	ZP:0002676
13	11	ZP:0000102	ZP:0002676
13	12	ZP:0000102	ZP:0002676
13	13	ZP:0000102	ZP:0002676
13	14	ZP:0000102	ZP:0002676
13	17	ZP:0000102	ZP:0002676
13	18	ZP:0000102	ZP:0002676
13	19	ZP:0000102	ZP:0002676
13	20	ZP:0000102	ZP:0002676
13	21	ZP:0000102	ZP:0002676
13	22	ZP:0000102	ZP:0002676
13	23	ZP:0000102	ZP:0002676
13	24	ZP:0000102	ZP:0002676
13	13	ZP:0000122	ZP:0000624
13	6	ZP:0000306	ZP:0000306
13	18	ZP:0000306	ZP:0000306
13	22	ZP:0000306	ZP:0000306
13	6	ZP:0000398	ZP:0000398
13	14	ZP:0000398	ZP:0000398
13	16	ZP:0000398	ZP:0000398
13	18	ZP:0000398	ZP:0000398
13	19	ZP:0000398	ZP:0000398
13	22	ZP:0000398	ZP:0000398
13	1	ZP:0000473	ZP:0012799
13	2	ZP:0000473	ZP:0012799
13	4	ZP:0000473	ZP:0012799
13	5	ZP:0000473	ZP:0012799
13	6	ZP:0000473	ZP:0012799
13	9	ZP:0000473	ZP:0012799
13	10	ZP:0000473	ZP:0012799
13	11	ZP:0000473	ZP:0012799
13	13	ZP:0000473	ZP:0012799
13	14	ZP:0000473	ZP:0012799
13	16	ZP:0000473	ZP:0012799
13	18	ZP:0000473	ZP:0012799
13	19	ZP:0000473	ZP:0012799
13	20	ZP:0000473	ZP:0012799
13	22	ZP:0000473	ZP:0012799
13	23	ZP:0000473	ZP:0012799
13	24	ZP:0000473	ZP:0012799
13	18	ZP:0000624	ZP:0000624
13	1	ZP:0000916	ZP:0007203
13	2	ZP:0000916	ZP:0007203
13	4	ZP:0000916	ZP:0007203
13	5	ZP:0000916	ZP:0007203
13	6	ZP:0000916	ZP:0007203
13	9	ZP:0000916	ZP:0007203
13	14	ZP:0000916	ZP:0007203
13	19	ZP:0000916	ZP:0007203
13	22	ZP:0000916	ZP:0007203
13	23	ZP:0000916	ZP:0007203
13	13	ZP:0001129	ZP:0001129
13	10	ZP:0001130	ZP:0001129
13	1	ZP:0001192	ZP:0000107
13	2	ZP:0001192	ZP:0000107
13	4	ZP:0001192	ZP:0000107
13	5	ZP:0001192	ZP:0000107
13	6	ZP:0001192	ZP:0000107
13	9	ZP:0001192	ZP:0000107
13	14	ZP:0001192	ZP:0000107
13	15	ZP:0001192	ZP:0000107
13	16	ZP:0001192	ZP:0000107
13	18	ZP:0001192	ZP:0000107
13	19	ZP:0001192	ZP:0000107
13	20	ZP:0001192	ZP:0000107
13	21	ZP:0001192	ZP:0000107
13	23	ZP:0001192	ZP:0000107
13	1	ZP:0001211	ZP:0127709
13	2	ZP:0001211	ZP:0127709
13	4	ZP:0001211	ZP:0127709
13	5	ZP:0001211	ZP:0127709
13	6	ZP:0001211	ZP:0127709
13	9	ZP:0001211	ZP:0127709
13	10	ZP:0001211	ZP:0127709
13	12	ZP:0001211	ZP:0127709
13	13	ZP:0001211	ZP:0127709
13	14	ZP:0001211	ZP:0127709
13	15	ZP:0001211	ZP:0127709
13	16	ZP:0001211	ZP:0127709
13	17	ZP:0001211	ZP:0127709
13	18	ZP:0001211	ZP:0127709
13	19	ZP:0001211	ZP:0127709
13	20	ZP:0001211	ZP:0127709
13	22	ZP:0001211	ZP:0127709
13	23	ZP:0001211	ZP:0127709
13	24	ZP:0001211	ZP:0127709
13	22	ZP:0001601	ZP:0001601
13	13	ZP:0001609	ZP:0001609
13	15	ZP:0001609	ZP:0001609
13	24	ZP:0001609	ZP:0001609
13	4	ZP:0002008	ZP:0002008
13	6	ZP:0002008	ZP:0002008
13	9	ZP:0002008	ZP:0002008
13	15	ZP:0002008	ZP:0002008
13	16	ZP:0002008	ZP:0002008
13	18	ZP:0002008	ZP:0002008
13	22	ZP:0002008	ZP:0002008
13	16	ZP:0002060	ZP:0002676
13	6	ZP:0002311	ZP:0001609
13	22	ZP:0002311	ZP:0001609
13	6	ZP:0003437	ZP:0003437
13	13	ZP:0003437	ZP:0003437
13	16	ZP:0004969	ZP:0001129
13	2	ZP:0005012	ZP:0127724
13	6	ZP:0005012	ZP:0127724
13	13	ZP:0005012	ZP:0127724
13	18	ZP:0005012	ZP:0127724
13	22	ZP:0005012	ZP:0127724
13	11	ZP:0005125	ZP:0127709
13	13	ZP:0005930	ZP:0000107
13	22	ZP:0007632	ZP:0000624
13	6	ZP:0009010	ZP:0000624
13	4	ZP:0010319	ZP:0001129
13	6	ZP:0010319	ZP:0001129
13	22	ZP:0010319	ZP:0001129
13	24	ZP:0010319	ZP:0001129
13	4	ZP:0014550	ZP:0014550
13	5	ZP:0014550	ZP:0014550
13	6	ZP:0014550	ZP:0014550
13	9	ZP:0014550	ZP:0014550
13	10	ZP:0014550	ZP:0014550
13	11	ZP:0014550	ZP:0014550
13	12	ZP:0014550	ZP:0014550
13	13	ZP:0014550	ZP:0014550
13	14	ZP:0014550	ZP:0014550
13	15	ZP:0014550	ZP:0014550
13	16	ZP:0014550	ZP:0014550
13	17	ZP:0014550	ZP:0014550
13	18	ZP:0014550	ZP:0014550
13	19	ZP:0014550	ZP:0014550
13	20	ZP:0014550	ZP:0014550
13	21	ZP:0014550	ZP:0014550
13	22	ZP:0014550	ZP:0014550
13	23	ZP:0014550	ZP:0014550
13	24	ZP:0014550	ZP:0014550
13	25	ZP:0014550	ZP:0014550
13	26	ZP:0014550	ZP:0014550
13	13	ZP:0015011	ZP:0007203
13	16	ZP:0015011	ZP:0007203
13	24	ZP:0015011	ZP:0007203
13	15	ZP:0016092	ZP:0002676
13	18	ZP:0016092	ZP:0002676
13	22	ZP:0016092	ZP:0002676
13	5	ZP:0016128	ZP:0002008
